Year_of_Birth,Disposable_Income,No_of_Kids_in_home,No_of_Teen_in_home,Recency,Discounted_Purchases,WebPurchases,CatalogPurchases,StorePurchases,Amount_on_Wines,Amount_on_Fruits,Amount_on_MeatProducts,Amount_on_FishProducts,Amount_on_SweetProducts,Amount_on_GoldProds,WebVisitsMonth,Cmp3Accepted,Cmp4Accepted,Cmp5Accepted,Cmp1Accepted,Cmp2Accepted,Any_Complain,Education_Level
1954,48556.8,0,1,85,6,8,2,8,429,20,118,7,23,41,8,0,0,0,0,0,0,5
1961,57499.2,0,1,79,5,7,4,6,510,3,26,0,0,75,6,0,1,0,0,0,0,5
1973,17025.6,0,0,47,1,2,0,4,7,10,11,16,12,27,6,0,0,0,0,0,0,1
1970,91983.6,0,0,98,1,4,7,11,741,66,946,219,189,126,2,0,0,1,1,0,0,5
1959,78235.2,0,2,41,2,7,6,11,748,22,181,12,0,200,5,1,0,0,0,0,0,5
1959,64772.4,0,1,28,5,5,5,12,625,19,165,0,24,82,5,0,0,0,0,0,0,5
1961,87735.59999999999,0,0,93,1,3,4,7,746,22,154,50,9,28,2,0,0,0,0,0,0,3
1958,85335.59999999999,0,1,102,4,6,7,9,500,36,255,11,33,8,4,0,0,0,0,0,0,5
1984,26577.6,0,0,23,1,1,0,3,20,8,14,0,4,11,7,0,0,0,0,0,0,5
1983,26937.6,1,0,93,3,2,1,3,8,4,8,23,2,18,3,0,0,0,0,0,0,5
1952,94196.4,0,0,51,1,5,7,12,212,29,447,75,0,223,2,0,0,0,1,0,0,2
1984,103896.0,0,0,79,0,4,2,5,537,24,127,26,20,20,1,0,0,1,0,0,0,4
1980,25974.0,1,0,82,3,3,0,3,19,3,23,4,5,19,9,0,0,0,0,0,0,5
1969,51076.8,0,1,35,6,6,8,4,329,51,186,39,18,198,7,1,0,0,0,0,0,4
1953,80919.59999999999,0,2,58,4,6,5,13,620,31,259,12,48,30,4,0,1,0,0,0,0,5
1956,55668.0,0,1,63,1,4,2,3,100,17,64,2,9,38,7,0,0,0,0,0,0,3
1971,53120.4,1,1,55,5,5,2,4,188,8,65,3,5,49,9,0,0,0,0,0,0,5
1968,93444.0,0,1,100,3,5,5,5,1022,53,500,65,50,133,8,0,1,0,1,0,0,5
1978,34522.8,1,0,83,3,4,1,4,46,8,129,10,3,3,9,0,0,0,0,0,0,5
1976,67491.59999999999,1,2,33,6,4,2,8,352,3,35,4,3,7,5,0,0,0,0,0,0,5
1978,50416.8,1,0,63,6,7,1,6,249,18,108,4,15,50,8,0,0,0,0,0,0,5
1963,86430.0,0,0,34,1,4,3,8,838,36,549,151,133,233,3,0,0,0,0,0,0,5
1969,88146.0,0,0,105,1,6,5,10,906,64,757,186,163,20,3,0,1,0,0,0,0,5
1975,38679.6,1,0,33,2,6,2,2,143,18,35,25,11,72,9,1,0,0,0,0,0,5
1973,87004.8,0,1,50,2,5,9,6,609,29,470,123,161,94,2,0,0,0,0,0,0,5
1982,48253.2,1,1,37,2,2,1,2,56,4,7,2,1,25,8,1,0,0,0,0,0,5
1962,72652.8,1,1,99,4,5,1,5,206,5,43,3,5,35,6,0,0,0,0,0,0,5
1984,43514.4,0,0,31,1,3,5,3,93,42,54,64,28,153,6,1,0,0,0,0,0,3
1960,99091.2,0,0,73,1,2,4,12,1211,58,445,168,18,18,1,0,0,1,0,0,0,3
1955,92127.6,0,0,86,1,2,2,11,521,59,449,86,33,16,1,0,0,0,0,0,0,5
1952,32396.4,0,0,96,2,4,2,5,12,26,78,133,49,144,7,0,0,0,0,0,0,1
1964,58558.8,0,1,16,3,3,2,7,179,21,81,28,6,24,3,0,0,0,0,0,0,4
1984,107539.2,0,0,43,1,7,5,12,676,50,655,145,111,15,2,0,0,0,0,0,0,3
1971,28995.6,1,1,10,2,1,0,3,9,4,7,2,1,2,4,0,0,0,0,0,0,5
1945,96220.8,0,0,26,1,6,3,10,1040,137,670,25,38,0,3,0,0,1,1,0,0,3
1961,57387.6,0,1,7,2,2,0,3,58,4,5,2,1,10,8,0,0,0,0,0,0,2
1960,93024.0,0,1,37,1,8,7,7,945,47,396,0,88,58,4,1,0,1,1,0,0,3
1958,66320.4,0,1,35,4,3,4,6,166,31,136,32,3,45,3,0,0,0,0,0,0,5
1958,50655.6,0,1,103,2,5,1,7,314,6,24,4,3,20,7,0,1,0,0,0,0,5
1952,48826.8,0,1,76,7,7,1,5,275,6,27,39,6,99,8,0,0,0,0,0,0,5
1972,96687.6,0,0,92,1,4,6,13,834,141,430,60,92,15,2,0,0,0,0,0,0,3
1952,84950.4,0,0,89,2,3,4,10,349,48,654,104,11,114,3,0,0,0,0,0,0,5
1984,83424.0,0,0,102,1,9,6,5,632,123,414,121,80,93,5,0,0,0,0,0,0,5
1969,23416.8,1,1,54,4,3,1,2,19,6,21,2,1,28,8,1,0,0,0,0,0,5
1972,51960.0,0,1,94,3,4,0,4,96,6,52,2,1,31,8,0,0,0,0,0,0,5
1971,91760.4,1,0,51,2,2,5,5,681,164,426,210,44,58,6,0,0,0,0,0,0,5
1956,55218.0,1,1,32,1,1,0,3,43,3,2,0,0,6,7,1,0,0,0,1,0,4
1986,35925.6,1,0,59,2,1,0,3,8,6,7,0,2,11,6,0,0,0,0,0,0,5
1987,46975.2,1,0,8,3,4,0,4,99,4,33,13,12,12,8,0,0,0,0,0,0,5
1987,24510.0,1,0,12,2,2,0,3,9,15,5,3,16,17,7,0,0,0,0,0,0,1
1975,24156.0,0,0,106,1,1,0,3,5,9,3,7,6,12,8,0,0,0,0,0,0,2
1947,45312.0,0,0,27,2,4,1,6,89,8,38,150,12,28,7,0,0,0,0,0,0,5
1975,30610.8,1,0,22,3,3,0,3,45,6,30,10,7,11,9,0,0,0,0,0,0,4
1970,82434.0,0,0,10,1,4,4,7,463,84,356,106,50,40,2,0,0,0,0,0,0,5
1985,19834.8,1,0,30,1,1,0,3,8,3,5,13,0,1,6,0,0,0,0,0,0,5
1989,29574.0,1,0,23,1,1,0,2,10,6,4,4,1,0,8,0,0,0,0,0,0,5
1961,37744.8,1,1,47,3,2,0,3,33,3,11,0,0,9,8,0,0,0,0,0,0,5
1967,84344.4,0,0,37,1,5,5,10,300,38,482,121,120,40,3,0,0,0,0,0,0,5
1965,62379.6,0,1,102,3,9,2,10,636,3,115,10,7,30,7,0,0,0,0,0,0,5
1978,65079.6,0,1,53,4,11,6,5,657,11,158,21,0,142,8,0,0,0,0,0,0,5
1961,61981.2,0,1,39,4,6,2,5,298,9,23,13,6,92,8,0,0,0,0,0,0,5
1955,93566.4,0,0,25,1,4,6,9,618,25,319,33,102,12,1,0,0,0,0,0,0,5
1952,51822.0,0,1,95,2,9,3,6,542,9,42,16,6,30,8,0,0,0,0,0,0,5
1965,76968.0,0,2,78,5,2,5,6,1464,3,61,0,15,215,5,1,0,1,0,1,0,4
1980,92757.6,0,1,53,1,6,6,11,430,118,292,23,35,79,3,0,0,0,0,0,0,5
1992,81751.2,0,0,47,1,7,4,5,1337,20,311,23,51,86,9,0,1,0,0,0,0,4
1957,108442.8,0,0,9,1,4,6,6,297,54,981,224,23,17,1,0,0,0,0,0,0,5
1970,52369.2,1,1,57,3,2,1,4,62,5,51,4,2,23,6,0,0,0,0,0,0,3
1964,54175.2,1,1,35,2,1,1,2,38,3,5,0,0,15,4,0,0,0,0,0,0,5
1974,65359.2,1,1,85,1,1,0,2,17,3,4,0,0,0,5,0,0,0,0,0,0,4
1974,46753.2,1,0,67,1,2,1,2,24,10,19,0,1,24,7,0,0,0,0,0,0,3
1978,65770.8,1,1,7,4,2,1,5,68,9,57,13,13,22,4,0,0,0,0,0,0,5
1945,67147.2,0,0,29,2,7,3,4,765,41,104,50,9,38,4,0,1,0,0,0,0,5
1965,22441.2,1,1,102,4,2,0,4,17,7,2,10,6,10,5,0,0,0,0,0,0,5
1957,86239.2,0,1,92,1,6,3,10,189,181,178,103,39,33,3,0,0,0,0,0,0,5
1963,98370.0,0,1,9,1,6,3,4,988,79,184,180,138,27,7,0,0,1,0,0,0,2
1976,87804.0,0,0,8,1,5,4,6,189,177,256,50,30,32,2,0,0,0,0,0,0,5
1971,90414.0,0,0,23,1,5,8,6,923,60,842,99,38,133,3,0,0,0,1,0,0,3
1980,37926.0,1,0,22,2,2,1,4,79,3,42,2,1,6,7,0,0,0,0,0,0,4
1953,56566.8,1,1,9,2,2,1,2,51,3,12,0,2,23,7,0,0,0,0,0,0,5
1973,48385.2,1,1,66,2,3,0,3,49,7,21,6,0,27,7,0,0,0,0,0,0,5
1977,88881.59999999999,0,0,21,1,4,10,9,788,33,537,140,76,15,2,0,0,0,0,0,0,5
1955,80389.2,0,0,8,3,4,8,6,501,39,460,189,60,12,3,0,0,0,0,0,0,3
1981,83593.2,0,0,87,1,7,3,12,661,19,106,32,16,8,3,0,0,0,0,0,0,3
1965,81770.4,0,1,103,3,10,4,7,902,129,196,91,112,37,6,0,0,0,0,0,0,5
1954,90032.4,0,1,81,2,9,4,6,930,67,179,133,12,77,5,0,0,0,0,0,0,5
1973,35749.2,1,0,28,2,2,0,3,19,3,6,0,0,0,5,0,0,0,0,0,0,4
1978,37623.6,1,1,31,2,1,1,2,15,3,10,3,1,7,8,0,0,0,0,0,0,5
1968,80770.8,1,1,83,15,9,6,9,520,50,181,149,95,95,7,0,0,0,0,0,0,2
1981,75592.8,1,0,81,1,6,2,4,229,15,48,4,12,12,6,0,0,0,0,0,0,5
1956,87162.0,0,0,61,1,6,8,6,395,25,323,104,35,107,3,0,0,0,1,0,0,2
1977,59617.2,0,2,73,6,7,1,7,416,3,26,0,0,21,7,0,0,0,0,0,0,3
1991,22021.2,0,0,8,1,2,0,3,6,15,9,0,14,7,7,0,0,0,0,0,0,5
1974,37395.6,1,0,61,1,1,0,3,7,6,10,11,2,10,6,0,0,0,0,0,0,2
1978,37267.2,1,0,106,1,1,0,3,10,13,13,3,8,16,8,0,0,0,0,0,0,2
1978,51915.6,0,1,9,3,5,2,6,267,9,61,0,10,102,5,0,0,0,0,0,0,3
1966,101541.6,0,0,103,1,6,9,10,689,103,801,21,66,0,2,0,0,1,0,0,0,4
1975,23215.2,1,0,33,1,1,0,3,7,3,9,3,6,2,8,0,0,0,0,0,0,5
1963,102835.2,0,0,95,1,4,6,9,719,79,395,116,0,12,1,0,0,0,0,0,0,4
1958,78584.4,0,0,55,3,3,5,6,245,70,500,199,0,163,2,0,0,0,0,0,0,3
1974,66014.4,0,1,92,6,8,2,9,587,3,65,0,0,13,5,0,0,0,0,0,0,4
1978,60423.6,0,0,79,1,4,4,6,146,18,153,67,31,35,3,0,0,0,0,0,0,3
1957,69739.2,0,1,45,2,3,3,8,233,22,130,4,11,51,2,0,0,0,0,0,0,5
1952,68764.8,0,1,68,2,7,6,10,361,83,329,138,17,106,5,0,0,0,0,0,0,5
1952,18039.6,0,0,44,1,1,0,3,5,7,5,6,0,4,3,0,0,0,0,0,0,5
1983,82352.4,0,0,52,1,2,3,6,400,18,263,60,54,38,1,0,0,0,0,0,0,5
1954,77404.8,1,2,88,7,11,3,4,991,39,168,16,0,108,7,0,0,0,0,0,0,4
1955,53461.2,0,1,31,2,4,1,5,187,7,33,0,0,66,7,0,0,0,0,0,0,3
1954,55477.2,2,1,94,4,6,1,4,194,5,55,0,5,12,9,0,0,0,0,0,0,4
1960,91584.0,0,1,56,2,6,3,4,531,38,214,69,53,35,2,0,0,0,0,0,0,5
1977,37938.0,1,0,89,2,2,0,3,7,6,20,6,11,9,7,0,0,0,0,0,0,5
1984,98430.0,0,0,83,1,3,2,6,272,101,606,48,70,98,1,0,0,1,0,0,0,5
1957,79600.8,0,1,89,2,9,3,5,914,14,218,0,0,23,5,0,0,0,0,0,0,4
1993,41922.0,0,0,78,1,2,1,4,39,7,66,3,10,20,7,0,0,0,0,0,0,5
1978,34767.6,0,0,66,2,5,1,5,211,3,46,3,2,12,8,0,0,0,0,0,0,4
1961,45841.2,0,1,26,4,5,1,5,238,3,23,0,0,12,8,0,0,0,0,0,0,4
1976,84360.0,1,0,96,3,5,5,13,1050,64,338,60,46,46,8,0,0,0,0,0,0,5
1987,86342.4,1,0,100,2,8,4,8,661,83,455,52,107,93,4,1,0,1,0,0,0,5
1965,49861.2,1,1,58,5,5,1,5,225,3,33,3,0,23,8,0,0,0,0,0,0,4
1976,41980.8,1,1,47,2,1,0,3,13,7,15,3,5,3,7,0,0,0,0,0,0,2
1959,101352.0,0,0,87,0,9,9,4,157,30,103,106,54,81,5,0,1,1,1,1,0,4
1982,37306.8,1,0,64,3,3,0,4,36,6,31,2,8,4,8,0,0,0,0,0,0,5
1976,68443.2,0,1,40,4,6,3,13,1176,46,219,19,14,47,9,1,0,0,0,0,0,2
1978,47725.2,1,0,99,1,2,0,3,11,5,18,2,8,14,4,0,0,0,0,0,0,5
1945,54007.2,0,0,97,1,3,1,7,167,28,53,16,0,10,3,0,0,0,0,0,0,3
1975,41305.2,1,0,88,1,1,0,2,8,6,7,6,2,9,7,0,0,0,0,0,0,5
1980,76532.4,1,1,94,8,11,1,6,462,8,106,15,17,53,8,0,0,0,0,0,0,5
1987,50863.2,1,0,50,1,3,0,3,70,7,16,0,4,11,8,0,0,0,0,0,0,3
1969,39466.8,1,1,85,3,2,1,3,33,3,13,4,2,8,5,0,0,0,0,0,0,3
1963,71318.4,0,1,95,3,5,3,11,322,28,265,25,19,12,5,0,0,0,0,0,0,3
1972,72604.8,0,1,80,2,6,2,8,463,3,24,6,4,34,6,0,0,0,0,0,0,4
1971,89824.8,1,2,97,7,2,5,5,861,62,487,58,29,73,5,0,0,0,0,0,0,5
1975,93753.6,0,1,96,2,8,4,6,939,27,230,16,24,36,3,0,1,1,0,0,0,4
1968,90842.4,1,1,84,5,4,6,11,655,31,353,45,42,30,8,0,0,0,0,0,0,5
1956,52290.55927118366,0,1,102,3,6,1,5,269,3,21,12,6,147,7,0,0,0,0,0,0,5
1979,33219.6,1,0,97,4,6,2,4,157,12,121,12,12,45,8,0,0,0,0,0,0,4
1958,94341.6,0,0,94,1,4,7,10,741,166,818,212,163,61,2,0,1,0,0,0,0,5
1966,71623.2,0,1,85,1,4,1,6,94,18,89,34,42,5,4,0,0,0,0,0,0,5
1961,95436.0,0,0,71,1,4,10,11,338,3,815,129,42,29,2,0,0,0,0,0,0,5
1958,48884.4,2,1,31,1,1,0,2,16,3,4,0,0,2,8,0,0,0,0,0,0,4
1962,65347.2,0,1,30,3,6,1,7,357,3,27,10,0,15,6,0,0,0,0,0,0,4
1973,74664.0,0,1,62,5,7,6,5,804,15,375,16,12,12,6,0,0,0,0,0,0,4
1971,82900.8,1,0,50,2,7,3,13,1186,110,199,39,30,30,8,0,0,0,0,0,0,4
1979,14871.6,0,0,45,1,2,0,3,10,9,15,11,7,13,9,0,0,0,0,0,0,2
1971,94294.8,0,0,42,1,5,6,4,821,69,549,216,66,99,3,0,0,0,0,0,0,3
1974,55312.8,1,1,69,1,1,0,3,17,5,20,3,2,5,7,0,0,0,0,0,0,2
1963,90086.4,0,1,90,2,5,4,8,588,37,309,0,22,125,3,0,0,0,0,0,0,5
1976,72757.2,1,1,95,5,9,2,8,570,9,65,0,6,19,7,0,1,0,0,0,0,4
1961,106869.6,0,0,25,1,5,4,4,459,197,106,31,22,43,2,0,0,0,0,0,0,3
1977,32288.4,1,1,17,2,1,0,3,14,4,7,0,3,2,7,0,0,0,0,0,0,2
1976,83139.59999999999,0,1,48,4,7,3,13,679,65,134,0,26,8,5,0,0,0,0,0,0,4
1986,34923.6,1,0,45,2,1,0,3,21,3,17,6,3,6,9,0,0,0,0,0,0,5
1951,51447.6,1,1,18,4,6,1,4,214,3,40,3,2,15,8,0,0,0,0,0,0,4
1952,47099.360613795376,2,1,103,3,2,1,4,53,8,48,6,10,7,6,0,0,0,0,0,0,5
1985,38896.8,0,0,18,1,1,0,3,25,9,5,0,9,12,7,1,0,0,0,0,0,2
1958,88563.59999999999,0,1,68,2,9,5,6,838,83,363,52,26,174,6,1,0,0,0,0,0,5
1950,42499.2,0,0,69,3,7,1,5,253,6,81,4,3,51,8,0,0,0,0,0,0,3
1985,19522.8,1,0,82,3,3,0,3,24,6,18,3,1,0,8,0,0,0,0,0,0,4
1972,36446.4,1,1,40,3,2,0,3,20,3,12,7,3,7,7,0,0,0,0,0,0,5
1973,74412.0,0,1,100,4,6,2,7,376,25,39,6,0,92,5,0,0,0,0,0,0,4
1971,78847.2,0,0,84,1,11,3,12,923,13,129,13,0,129,7,0,1,1,0,1,0,2
1983,22190.4,1,0,82,1,1,0,2,7,5,2,2,1,1,8,0,0,0,0,0,0,3
1953,48058.8,0,1,30,1,1,0,3,18,9,7,0,3,3,6,0,0,0,0,0,0,5
1964,81741.59999999999,0,1,58,2,8,9,4,600,26,123,10,23,154,6,0,0,0,0,0,0,5
1985,50648.4,1,0,78,4,4,1,5,121,14,72,3,17,46,6,1,0,0,0,0,0,3
1950,98037.6,0,0,11,1,3,8,13,184,31,520,111,123,47,1,0,0,0,0,0,0,3
1952,56822.4,0,1,77,4,6,1,5,177,15,112,8,0,15,7,0,0,0,0,0,0,3
1971,81043.2,0,1,52,3,11,5,11,1258,3,447,23,71,35,8,0,0,0,1,0,0,4
1947,99188.4,0,0,78,1,7,5,10,971,171,672,246,105,126,4,0,1,0,1,0,0,5
1982,68377.2,0,0,98,1,2,3,13,913,51,217,32,12,24,6,0,1,0,0,0,0,5
1951,71354.4,0,1,36,2,9,2,12,729,20,143,0,8,196,7,0,0,0,0,0,0,5
1958,44236.8,0,1,60,3,5,2,4,209,8,39,17,0,89,8,0,0,0,0,0,0,5
1950,92394.0,0,1,98,2,11,4,9,1017,83,498,0,16,176,5,0,0,0,1,0,0,3
1953,77797.2,1,1,58,8,6,3,5,485,89,249,75,86,144,6,0,0,0,0,0,0,2
1975,55072.8,0,2,22,1,1,0,3,32,5,7,0,2,13,5,0,0,0,0,0,0,2
1960,85478.4,0,1,98,2,11,2,10,658,20,170,34,26,17,7,0,0,0,0,0,0,5
1962,101838.0,0,0,8,1,2,4,9,1253,19,349,43,16,16,4,0,1,1,1,1,0,4
1988,80916.0,0,0,13,1,11,5,12,600,100,291,127,133,121,6,0,0,0,0,0,0,5
1980,105832.8,0,1,26,1,11,10,10,693,17,309,201,24,38,5,1,0,0,1,0,0,2
1958,80071.2,1,1,68,3,8,2,4,354,10,35,0,0,47,7,0,1,0,0,0,0,3
1965,90283.2,0,1,34,1,8,3,13,443,69,400,12,38,114,4,0,0,0,0,0,0,5
1950,57780.0,0,1,31,3,5,1,4,178,5,39,3,2,47,7,0,0,0,0,0,0,3
1963,91297.2,0,0,92,1,4,5,4,297,33,415,63,33,200,2,0,0,0,1,0,0,5
1975,64040.4,1,1,9,7,5,1,8,234,10,140,10,3,11,7,0,0,0,0,0,0,3
1975,100669.2,0,1,31,1,4,7,10,222,41,350,111,85,15,1,0,0,0,0,0,0,3
1989,80341.2,0,0,53,1,3,4,7,282,165,305,173,76,124,1,0,0,0,0,0,0,5
1976,66961.2,1,1,42,6,7,2,6,372,7,51,6,4,95,7,0,0,0,1,0,0,5
1988,74144.4,0,0,78,1,8,4,6,626,76,414,78,48,85,5,0,0,0,0,0,0,3
1972,68904.0,0,1,29,3,5,1,6,285,3,18,0,0,24,7,0,1,0,0,0,0,3
1968,44464.8,1,1,96,2,1,0,3,17,4,6,0,1,5,7,0,0,0,0,0,0,3
1956,87487.2,0,0,86,1,3,4,9,405,35,519,71,75,54,1,0,0,0,0,0,0,5
1982,68324.4,1,0,88,7,8,6,9,751,11,125,11,8,8,6,0,1,0,0,0,0,4
1980,36654.0,1,0,78,2,2,0,3,9,15,15,19,7,12,7,0,0,0,0,0,0,5
1955,54883.2,0,1,99,5,7,1,6,193,6,180,20,3,43,7,0,0,0,0,0,0,3
1954,41504.4,1,1,75,2,1,0,3,12,5,9,2,0,2,4,0,0,0,0,0,0,5
1966,28234.8,0,1,74,1,1,1,2,14,10,13,3,2,20,6,0,0,0,0,0,0,1
1976,67870.8,0,1,53,3,4,3,8,231,25,133,41,31,31,4,0,0,0,0,0,0,4
1959,54192.0,1,1,16,1,1,0,2,13,5,5,3,0,3,7,0,0,0,0,0,0,5
1979,63015.6,0,0,91,2,9,5,9,372,20,241,104,188,232,7,0,0,0,0,0,0,2
1979,51231.6,1,0,36,1,1,0,3,13,7,20,6,3,16,5,0,0,0,0,0,0,5
1985,99279.6,0,0,35,1,8,4,7,717,53,420,65,38,38,4,0,0,0,0,0,0,4
1966,51264.0,1,1,16,8,7,3,7,397,8,91,28,26,112,8,0,0,0,0,0,0,5
1980,90608.4,0,0,63,1,8,6,6,714,96,374,104,80,80,3,0,0,0,0,0,0,5
1974,80918.4,0,1,76,2,8,5,4,437,82,341,177,136,170,4,0,0,0,0,0,0,5
1988,18045.6,1,0,100,2,2,1,2,9,11,11,19,12,26,9,0,0,0,0,0,0,1
1957,77828.4,0,0,85,1,7,5,10,561,17,717,210,0,43,4,0,0,0,0,0,0,3
1981,78354.0,0,0,26,1,3,3,13,370,35,117,34,110,6,2,0,0,0,0,0,0,4
1968,75577.2,0,0,28,1,4,5,13,801,17,590,38,44,0,3,0,1,0,0,0,0,4
1970,22306.8,0,0,96,2,2,1,3,11,7,25,15,12,13,7,0,0,0,0,0,0,5
1989,47696.4,1,0,50,3,5,1,4,85,18,93,20,13,52,8,0,0,0,0,0,0,5
1976,65676.0,0,1,71,5,4,1,8,323,6,17,4,7,56,4,0,0,0,0,0,0,3
1972,39979.2,1,1,41,3,2,1,4,84,4,31,4,4,12,6,0,0,0,0,0,0,3
1970,49225.2,1,0,19,2,2,0,3,19,10,9,6,16,12,6,0,0,0,0,0,0,3
1989,101062.8,0,0,34,1,3,4,10,439,140,400,45,137,45,1,0,0,0,0,0,0,5
1972,41520.0,1,1,15,5,5,2,5,204,36,60,8,3,15,8,0,0,0,0,0,0,5
1984,46874.4,1,0,35,1,1,0,3,28,3,9,0,0,12,4,1,0,0,0,0,0,5
1974,44881.2,1,0,21,2,2,0,3,24,6,19,3,1,3,7,0,0,0,0,0,0,4
1901,43968.0,1,0,106,1,2,1,2,20,9,8,7,4,25,5,0,0,0,0,0,1,2
1980,29281.2,0,0,105,3,6,1,6,78,31,217,10,24,115,8,0,0,0,0,0,0,3
1960,65703.59999999999,0,1,94,3,5,2,11,202,110,227,7,59,131,4,0,0,0,0,0,0,5
1980,37303.2,1,1,86,2,1,1,2,21,5,11,3,0,16,8,1,0,0,0,0,0,2
1953,74768.4,0,1,101,1,4,0,4,92,16,34,10,6,10,5,0,0,0,0,0,0,5
1964,96148.8,0,0,54,1,3,7,8,488,87,398,205,84,241,1,1,0,0,0,0,0,5
1977,86802.0,0,0,9,1,10,4,8,1290,108,653,28,21,0,8,0,0,0,0,0,0,4
1959,80263.2,0,1,35,2,7,1,7,320,7,62,41,31,146,5,0,0,0,0,0,0,5
1968,57385.2,1,1,61,1,1,0,3,14,3,16,6,6,10,8,0,0,0,0,0,0,2
1962,57697.52257177977,0,1,30,3,6,1,7,357,3,27,10,0,15,6,0,0,0,0,0,0,4
1988,114202.8,0,0,8,1,4,3,4,1290,24,449,106,20,20,1,0,0,1,1,0,0,4
1977,78124.8,0,1,11,2,3,5,7,743,3,232,13,20,50,7,0,0,0,0,0,0,3
1997,17305.2,0,0,88,1,1,0,2,5,3,2,3,3,8,5,1,0,0,0,0,0,1
1991,61500.0,1,0,35,5,10,5,4,347,35,230,34,32,40,9,1,0,0,0,0,0,2
1971,53762.4,0,0,78,2,9,4,12,858,13,143,13,10,20,8,0,0,0,0,0,0,3
1966,61668.0,1,1,61,6,5,2,5,210,23,47,23,2,56,5,0,0,0,0,0,0,3
1965,94971.6,0,0,9,1,6,9,13,655,40,780,27,167,32,3,0,0,0,0,0,0,3
1976,9000.0,1,0,26,3,2,0,3,8,4,10,3,2,12,5,0,0,0,0,0,0,3
1959,81937.2,0,0,38,1,2,9,13,1000,115,417,42,48,41,5,0,0,0,0,0,0,5
1975,95558.4,0,0,49,1,6,4,9,476,3,510,99,21,12,2,0,0,0,0,0,0,4
1988,88074.0,0,0,101,1,4,4,6,277,10,80,20,7,11,2,0,0,0,0,0,0,3
1981,44887.2,1,0,25,1,1,0,2,7,3,8,2,2,3,8,0,0,0,0,0,0,5
1984,60180.0,0,0,39,2,5,2,7,140,49,92,65,61,11,5,0,0,0,0,0,0,4
1968,42529.2,1,1,101,2,1,0,3,30,4,9,2,1,1,8,0,0,0,0,0,0,5
1954,47666.4,0,1,99,2,2,0,3,37,3,5,2,0,8,5,0,0,0,0,0,0,5
1966,39272.4,0,0,45,2,7,3,5,172,16,180,86,13,70,8,0,0,0,0,0,0,4
1983,101002.8,0,0,16,1,7,6,6,1483,22,403,0,19,0,3,0,1,1,0,0,0,4
1970,64998.0,0,0,79,1,2,1,7,132,7,73,15,6,11,2,0,0,0,0,0,0,5
1971,56202.85514685282,0,1,46,2,4,2,6,192,8,65,26,20,14,5,0,0,0,0,0,0,3
1983,28339.2,1,0,83,2,3,0,3,9,25,11,3,7,32,8,0,0,0,0,0,0,2
1953,68696.4,0,1,57,2,2,1,7,104,7,32,37,54,6,2,0,0,0,0,0,0,2
1962,33898.8,0,0,87,1,2,0,3,6,12,7,2,14,10,6,0,0,0,0,0,0,1
1964,64886.4,1,1,78,1,2,0,2,40,3,4,0,0,0,8,0,0,0,0,0,0,4
1980,16239.6,1,0,52,2,2,0,3,17,6,8,8,0,17,7,0,0,0,0,0,0,2
1959,59486.4,1,1,32,2,2,0,3,40,4,16,0,1,1,7,0,0,0,0,0,0,3
1964,17901.6,0,1,59,1,1,0,3,8,6,3,15,4,15,6,0,0,0,0,0,0,1
1957,18910.8,0,0,19,1,1,0,2,6,5,5,6,0,3,7,0,0,0,0,0,0,5
1976,68805.59999999999,0,1,103,2,4,1,5,148,9,52,11,8,17,5,0,0,0,0,0,0,5
1984,34030.8,1,0,42,1,1,0,2,11,3,5,2,1,2,7,0,0,0,0,0,0,5
1969,74005.2,0,1,30,8,10,4,6,646,10,56,0,0,28,8,0,1,0,1,0,0,5
1987,95434.8,0,0,8,1,4,8,9,428,45,706,73,197,197,2,0,0,0,0,0,0,5
1990,97460.4,0,0,84,1,3,7,11,498,73,324,146,40,84,1,0,0,0,0,0,0,5
1949,98438.4,0,0,61,0,4,6,7,337,197,377,149,125,57,1,0,0,0,0,0,0,4
1963,75081.59999999999,0,1,106,3,5,3,5,367,20,398,80,35,61,4,0,0,0,1,0,0,5
1957,109498.8,0,0,91,0,7,9,6,1329,30,119,71,108,27,4,0,1,1,1,1,0,5
1960,27954.0,0,0,79,1,1,0,2,5,3,1,2,12,5,8,0,0,0,0,0,0,5
1978,25177.2,0,0,21,1,3,1,2,7,15,10,6,13,30,8,0,0,0,0,0,0,2
1980,93081.6,0,1,37,1,10,2,8,1235,3,396,232,178,158,5,0,1,1,1,0,0,5
1972,58941.6,0,0,97,2,9,7,10,625,57,239,99,98,119,7,0,1,0,0,1,0,2
1975,86518.8,0,0,25,1,3,4,10,551,94,410,119,0,22,1,0,0,0,0,0,0,5
1975,36421.2,1,0,26,1,3,0,2,19,3,24,3,3,2,9,0,0,0,0,0,0,4
1966,84063.59999999999,0,1,45,3,8,5,10,517,56,98,81,179,89,5,0,0,0,0,0,0,3
1970,66254.4,0,1,72,3,4,2,11,1108,3,45,0,0,34,8,0,1,0,0,1,0,4
1975,63640.8,1,1,37,8,6,1,7,165,18,196,15,11,50,8,0,0,0,0,0,0,5
1951,77839.2,0,1,16,4,7,3,7,513,8,21,7,5,10,5,0,1,0,0,0,0,3
1973,59824.8,1,0,70,5,6,2,5,128,20,171,39,0,30,6,0,0,0,0,0,0,3
1975,41515.2,1,0,55,1,1,0,2,19,3,2,0,0,7,8,0,0,0,0,0,0,4
1986,84715.2,0,0,75,1,3,5,12,352,47,534,17,0,26,2,0,0,0,0,0,0,5
1965,76084.8,0,2,104,2,6,3,4,739,29,70,11,44,17,4,0,0,0,1,0,0,5
1961,34224.0,1,1,62,1,1,1,2,16,3,10,0,2,20,6,0,0,0,0,0,0,3
1978,90396.0,1,1,101,4,10,3,12,560,85,257,93,61,61,6,0,0,0,0,0,0,5
1985,62895.6,1,0,74,2,7,1,7,190,11,133,56,56,12,7,0,0,0,0,0,0,5
1968,62488.8,0,1,84,1,2,2,2,64,3,12,0,0,48,4,1,0,0,0,0,0,5
1973,104228.4,0,0,103,1,5,6,10,904,105,838,133,102,40,2,0,0,0,0,0,0,4
1954,67354.8,0,1,72,4,6,2,10,325,51,133,39,72,48,4,0,0,0,0,0,0,3
1978,49348.8,1,0,48,7,7,3,4,286,10,84,15,0,119,8,0,0,0,0,0,0,5
1981,44162.4,1,0,30,1,1,0,3,21,4,2,0,0,1,5,0,0,0,0,0,0,4
1956,58471.2,0,1,97,3,3,2,4,143,6,38,4,0,59,6,0,0,0,0,0,0,5
1973,32655.6,1,0,26,3,2,0,4,24,6,26,10,9,3,8,0,0,0,0,0,0,4
1964,79575.59999999999,0,1,93,2,6,3,12,630,10,99,10,22,7,4,0,0,0,0,0,0,4
1966,75232.8,1,1,36,5,9,3,7,384,9,157,25,91,91,7,0,0,0,0,0,0,3
1987,41673.6,1,0,9,1,1,1,2,19,3,16,0,0,6,6,0,0,0,0,0,0,5
1978,43527.6,1,0,87,2,3,0,3,34,6,30,3,2,9,6,0,0,0,0,0,0,3
1990,34429.2,1,0,63,1,1,0,3,10,7,13,8,0,4,8,0,0,0,0,0,0,5
1956,69550.8,0,1,78,5,4,7,11,435,19,322,43,24,33,3,0,0,0,0,0,0,5
1987,26265.6,1,0,22,4,5,1,2,93,13,46,2,3,64,10,0,0,0,0,0,0,3
1982,105990.0,0,0,49,1,6,2,9,524,74,860,93,27,53,2,0,0,0,0,0,0,5
1975,37872.0,1,0,105,2,2,1,3,67,4,20,4,0,7,8,0,0,0,0,0,0,4
1972,39979.2,1,1,41,3,2,1,4,84,4,31,4,4,12,6,0,0,0,0,0,0,3
1971,76420.8,0,1,68,3,8,4,8,580,83,428,208,93,80,5,0,0,0,0,0,0,5
1976,88998.0,0,0,16,1,5,4,10,1006,15,240,16,12,12,2,0,0,0,0,0,0,4
1957,60464.4,0,2,98,3,6,2,8,374,12,87,12,14,34,5,0,0,0,0,0,0,5
1973,59392.8,1,0,53,2,6,1,5,196,12,97,0,6,82,7,0,0,0,0,0,0,3
1955,90378.0,0,1,21,2,5,4,12,464,18,171,142,23,31,2,0,0,0,0,0,0,5
1958,79963.2,0,0,71,1,3,4,9,296,13,689,84,10,0,1,0,0,0,0,0,0,3
1951,40831.2,1,1,18,3,2,1,3,23,9,15,12,8,17,5,0,0,0,0,0,0,5
1979,45763.2,1,0,76,2,3,1,2,13,18,27,0,20,33,8,1,0,0,0,0,0,5
1948,92948.4,0,0,92,1,2,5,10,680,14,400,15,45,11,1,0,0,1,0,0,0,5
1984,98037.6,0,0,8,1,8,2,5,714,48,115,30,160,45,5,0,0,0,1,0,0,2
1966,5833.2,0,0,27,0,0,0,0,7,4,1,1,0,1,14,0,0,0,0,0,0,5
1967,44484.0,1,1,37,9,5,1,8,236,10,137,4,15,39,7,0,0,0,0,0,0,5
1950,84198.0,0,0,67,1,3,7,11,166,3,253,199,191,122,1,0,0,0,0,0,0,5
1949,72240.0,0,1,10,6,6,2,11,507,22,132,0,6,26,6,0,0,0,0,0,0,4
1964,60524.4,0,2,35,3,7,1,8,375,12,92,6,9,4,7,0,0,0,0,0,0,5
1986,19897.2,0,0,58,1,0,0,3,6,6,4,2,3,11,4,0,0,0,0,0,0,1
1961,58984.8,1,1,76,6,4,1,8,211,13,67,30,27,71,6,0,0,0,0,0,0,4
1974,42825.6,2,1,101,7,4,1,4,78,6,90,12,1,32,8,0,0,0,0,0,0,2
1987,50863.2,1,0,50,1,3,0,3,70,7,16,0,4,11,8,0,0,0,0,0,0,3
1945,66736.8,0,0,92,1,9,4,6,509,16,131,8,0,26,7,0,1,0,0,0,0,4
1894,72218.4,0,1,30,1,1,0,2,13,3,5,7,0,2,4,0,0,0,0,0,0,2
1984,60180.0,0,0,39,2,5,2,7,140,49,92,65,61,11,5,0,0,0,0,0,0,4
1967,55083.6,0,1,87,2,2,1,3,38,11,10,2,10,3,4,0,0,0,0,0,0,3
1977,61642.8,0,1,91,2,8,2,4,302,10,79,0,11,182,8,0,0,0,0,0,0,5
1972,38413.2,1,0,96,3,2,1,4,104,3,15,2,1,5,7,0,0,0,0,0,0,4
1965,74206.8,0,0,27,1,4,8,4,1005,158,379,224,17,120,8,0,0,0,0,0,0,5
1987,39882.0,1,0,78,1,3,0,3,50,3,16,2,1,6,7,0,0,0,0,0,0,5
1966,85108.8,0,0,48,1,6,6,7,640,117,254,132,152,76,3,0,0,1,0,0,0,2
1976,81471.59999999999,0,1,38,2,3,2,9,716,31,142,49,18,47,8,0,0,0,0,0,0,2
1973,93690.0,0,0,79,1,3,5,5,577,11,259,34,35,80,1,0,0,0,0,0,0,4
1970,51770.4,1,1,91,1,1,0,2,10,4,7,2,1,4,7,0,0,0,0,0,0,3
1984,122364.0,0,0,76,0,6,8,13,727,30,102,44,72,168,2,0,1,1,1,0,0,5
1975,83662.8,0,0,106,1,2,3,5,278,89,208,177,14,43,1,0,0,0,0,0,0,5
1984,30325.2,1,0,52,1,1,1,2,15,4,18,10,4,7,9,0,0,0,0,0,0,5
1977,72000.0,0,1,64,5,11,3,5,1053,3,217,0,0,12,6,0,0,0,0,0,0,4
1953,101488.8,0,0,79,1,9,11,11,392,23,713,38,54,163,5,0,0,0,0,0,0,5
1957,61131.6,0,1,56,1,1,0,3,36,3,7,2,0,6,5,0,0,0,0,0,0,3
1972,30865.2,1,0,82,1,1,1,2,6,6,6,3,6,15,7,0,0,0,0,0,0,5
1961,20572.8,1,1,103,5,3,0,4,23,5,19,0,2,6,7,0,0,0,0,0,0,3
1982,32246.4,0,0,7,1,1,1,2,8,13,8,3,16,32,6,0,0,0,0,0,0,5
1965,66913.2,0,1,104,2,4,1,3,141,4,12,0,3,32,6,0,1,0,0,0,0,5
1985,78444.0,0,0,8,1,2,3,13,76,25,112,138,89,29,1,0,0,0,0,0,0,2
1987,46209.6,1,0,102,6,7,2,5,125,22,206,25,19,54,8,0,0,0,0,0,0,5
1972,104374.8,0,0,74,1,5,5,5,589,103,835,65,83,35,2,1,0,0,0,0,0,4
1955,87060.0,1,1,46,9,5,2,12,831,53,317,50,38,38,8,0,0,0,0,0,0,4
1970,64958.4,0,1,88,1,1,0,3,35,4,8,0,0,3,7,0,0,0,0,0,0,4
1949,41362.8,1,1,65,3,1,1,4,24,9,20,0,5,12,4,0,0,0,0,0,0,4
1981,83409.59999999999,1,0,55,2,11,4,11,829,35,162,42,32,43,6,0,0,0,0,0,0,5
1963,67280.4,0,1,58,2,7,4,7,522,15,54,16,6,120,5,0,0,0,0,0,0,4
1976,91941.6,0,0,71,1,3,2,5,754,43,294,121,160,147,1,0,0,0,0,0,0,4
1955,44168.4,1,1,95,1,1,0,2,9,5,5,0,0,5,6,0,0,0,0,0,0,5
1952,94726.8,0,0,64,1,8,5,6,799,118,243,150,0,205,3,0,0,0,0,0,0,4
1969,53252.4,1,1,77,8,5,1,5,229,3,30,0,0,10,8,0,0,0,0,0,0,4
1961,91254.0,0,0,85,1,4,5,11,765,56,400,17,93,0,2,0,0,0,1,0,0,4
1978,67953.59999999999,0,1,37,2,7,6,5,484,8,82,7,17,171,5,1,0,0,0,0,0,5
1969,44396.4,1,1,79,5,2,1,4,48,7,12,8,0,27,5,0,0,0,0,0,0,5
1947,74590.8,0,0,75,1,6,2,10,187,20,259,77,70,29,4,0,0,0,0,0,0,4
1974,65066.4,0,1,105,1,3,3,5,204,15,31,3,12,7,3,0,0,0,0,0,0,4
1992,108765.6,0,0,36,1,3,4,10,1161,123,915,94,144,96,1,0,0,1,0,0,0,3
1993,41922.0,0,0,78,1,2,1,4,39,7,66,3,10,20,7,0,0,0,0,0,0,5
1945,96706.8,0,0,32,1,5,10,5,512,96,520,242,40,26,1,0,0,0,1,0,0,5
1963,51322.8,0,1,22,2,1,1,4,76,3,13,3,1,0,4,0,0,0,0,0,0,4
1989,82184.4,0,0,55,1,9,7,13,763,15,385,33,89,89,4,0,0,0,0,0,0,5
1987,86342.4,1,0,100,2,8,4,8,661,83,455,52,107,93,4,1,0,1,0,0,0,5
1984,91956.0,0,0,100,1,3,10,11,260,34,446,40,56,175,1,0,0,0,0,0,0,5
1952,69860.4,2,1,91,1,2,0,4,73,4,13,3,5,13,6,0,0,0,0,0,0,3
1957,55316.4,0,1,18,5,3,1,6,77,27,68,65,4,8,4,0,0,0,0,0,0,5
1970,68155.2,0,1,31,3,8,9,7,661,41,161,62,47,37,7,0,0,0,0,0,0,5
1966,69494.4,0,1,41,5,8,3,12,806,3,80,0,0,35,5,0,1,0,0,0,0,4
1967,32445.6,0,0,71,1,3,0,3,6,29,25,17,23,15,9,0,0,0,0,0,0,5
1966,56269.2,0,1,98,1,2,1,4,48,15,23,29,15,61,4,0,0,0,0,0,0,2
1953,90152.4,0,0,99,1,2,11,5,208,38,305,46,17,227,1,0,0,0,0,0,0,5
1947,52948.8,0,1,69,4,6,2,5,289,3,55,0,6,52,8,0,0,0,0,0,0,4
1973,36027.6,1,0,35,1,2,0,3,16,3,16,7,6,21,8,0,0,0,0,0,0,5
1989,54244.8,1,0,100,1,1,1,4,35,14,25,29,1,18,3,0,0,0,0,0,0,2
1973,101887.2,0,0,105,1,5,6,12,1002,18,414,99,30,76,2,0,1,1,0,1,0,5
1970,28692.0,1,0,87,1,2,0,3,21,15,18,7,1,13,7,0,0,0,0,0,0,5
1959,95713.2,0,1,39,1,5,2,11,420,8,124,15,35,11,3,0,0,0,0,0,0,4
1979,73615.2,1,0,41,1,5,7,10,567,61,168,43,16,142,3,0,0,0,0,0,0,3
1972,37958.4,0,0,99,1,2,1,2,22,11,12,11,15,32,7,0,0,0,0,0,0,5
1974,41823.6,1,1,82,2,2,0,3,14,6,15,2,3,2,6,0,0,0,0,0,0,5
1956,51103.2,1,1,14,5,4,1,6,199,5,56,0,0,0,8,0,0,0,0,0,0,5
1974,58912.8,0,1,13,5,6,3,6,381,3,38,11,8,69,6,0,0,0,0,0,0,5
1975,48058.8,0,1,68,3,3,2,6,96,68,52,10,44,28,5,0,0,0,0,0,0,5
1958,28246.8,0,0,20,1,2,0,4,9,27,11,16,1,25,6,0,0,0,0,0,0,5
1963,37796.4,0,1,29,2,3,1,4,113,4,28,13,1,4,8,0,0,0,0,0,0,4
1979,30964.8,1,0,41,2,2,0,3,13,10,9,13,6,12,8,0,0,0,0,0,0,2
1953,71224.8,1,1,60,3,6,1,5,238,5,53,3,5,14,6,0,0,0,0,0,0,3
1970,74624.4,0,1,45,3,6,2,10,517,3,83,0,0,41,4,0,0,0,0,0,0,4
1988,68520.0,1,0,16,2,3,2,7,163,14,99,15,11,17,3,0,0,0,0,0,0,5
1989,42465.6,1,0,27,1,1,0,3,11,7,7,4,3,8,7,0,0,0,0,0,0,2
1961,118532.4,0,0,30,0,4,6,9,1005,22,711,125,115,38,1,0,1,0,0,0,0,3
1959,56030.4,0,1,44,3,6,1,5,175,9,97,24,12,88,6,0,0,0,0,0,0,3
1983,79996.8,0,0,85,1,5,7,6,403,99,447,220,96,32,3,0,0,0,0,0,0,2
1978,69544.8,1,1,59,7,8,2,6,461,7,24,0,0,9,7,0,1,0,0,0,0,3
1972,89148.0,0,1,77,4,10,8,10,1126,3,72,0,12,12,6,0,1,0,1,0,0,3
1955,38572.8,1,1,83,4,2,1,3,46,3,10,0,0,3,7,0,1,0,0,0,0,5
1961,76057.2,0,1,85,4,4,5,13,576,53,142,33,50,159,2,0,0,0,0,0,0,5
1954,88670.4,0,0,47,1,3,11,8,708,105,601,0,58,43,1,0,0,0,0,0,0,5
1959,41341.321325327604,1,1,94,1,1,0,3,24,7,12,2,2,6,5,0,0,0,0,0,0,5
1957,63567.6,0,1,99,7,9,6,9,861,3,76,12,9,199,8,0,0,0,0,0,0,3
1955,32905.2,0,0,21,3,4,1,6,48,15,96,78,40,55,7,0,0,0,0,0,0,5
1960,75430.8,0,1,44,4,9,4,6,1068,92,102,16,12,25,6,0,0,0,0,0,0,4
1979,86216.4,0,0,102,0,6,7,9,742,24,106,55,63,210,3,0,0,0,1,0,0,5
1975,50847.6,1,1,90,5,2,1,5,72,8,61,3,8,19,5,0,0,0,0,0,0,5
1976,96172.8,0,0,54,1,3,7,8,245,135,445,250,192,108,1,0,0,0,0,0,0,5
1972,35782.8,1,0,84,3,3,0,3,14,4,24,2,1,2,6,0,0,0,0,0,0,5
1963,56610.0,1,1,88,7,4,2,4,172,5,44,6,2,19,8,1,0,0,0,0,0,3
1971,46623.6,1,1,97,2,2,0,3,34,3,14,0,0,2,7,0,0,0,0,0,0,4
1965,55087.2,0,1,27,2,5,4,4,310,6,27,4,3,144,5,1,0,0,0,0,0,5
1969,32485.2,1,0,97,2,2,0,3,13,6,19,0,2,3,6,0,0,0,0,0,0,3
1978,122592.0,0,0,61,0,7,9,10,768,32,138,76,176,58,4,0,1,1,1,0,0,4
1974,72249.59999999999,1,1,20,11,8,3,7,493,26,71,15,0,59,7,0,1,0,0,0,0,5
1967,82875.59999999999,0,1,23,1,5,3,5,671,38,124,69,8,26,3,0,0,0,0,0,0,4
1968,31116.0,1,1,94,1,1,0,2,11,4,2,2,0,4,7,0,0,0,0,0,0,5
1987,111492.0,0,0,49,1,6,7,13,556,140,792,179,103,33,1,0,1,1,1,0,0,5
1961,70081.2,0,1,62,1,1,2,2,15,3,11,17,29,29,4,0,0,0,0,0,0,5
1957,55303.2,0,1,41,4,3,1,8,249,11,32,7,2,50,4,0,0,0,0,0,0,5
1990,102852.0,0,0,12,1,6,9,10,605,23,350,29,30,33,2,0,0,1,0,0,0,2
1974,76219.2,1,1,37,4,4,1,7,146,14,114,15,14,5,5,0,0,0,0,0,0,4
1961,26547.6,0,0,84,1,2,1,3,8,6,24,34,7,31,5,0,0,0,0,0,0,1
1973,48385.2,1,1,66,2,3,0,3,49,7,21,6,0,27,7,0,0,0,0,0,0,5
1972,32220.0,1,1,17,4,2,1,4,36,4,13,7,2,9,4,0,0,0,0,0,0,2
1965,74157.59999999999,0,0,20,1,4,2,9,343,7,89,11,8,13,4,0,0,0,0,0,0,4
1973,46293.6,1,1,9,3,3,0,3,43,7,22,3,3,3,8,0,0,0,0,0,0,4
1980,29512.8,1,0,101,1,1,0,3,6,6,6,10,0,9,5,0,0,0,0,0,0,1
1982,34212.0,1,1,79,3,2,0,4,49,8,19,0,4,19,5,0,0,0,0,0,0,5
1968,39068.4,1,0,20,3,2,1,3,39,6,29,0,4,10,5,0,0,0,0,0,0,3
1960,64244.4,1,1,24,2,2,1,3,86,3,6,0,0,6,5,0,0,0,0,0,0,4
1956,73540.8,0,0,83,1,11,2,8,623,18,106,20,7,45,6,0,1,0,0,0,0,4
1977,90014.4,0,0,48,1,3,8,11,299,145,218,164,58,151,1,0,0,0,0,0,0,3
1969,45883.2,1,1,9,4,3,0,4,63,3,18,2,0,10,7,0,0,0,0,0,0,4
1952,86358.0,0,1,28,3,6,3,5,577,22,286,50,38,248,3,0,0,0,0,0,0,5
1971,53413.2,1,0,46,6,8,4,8,518,10,133,46,14,14,8,0,0,0,0,0,0,3
1974,78399.59999999999,0,1,65,7,9,4,8,659,10,92,0,15,30,6,0,1,1,0,0,0,5
1969,70264.8,1,1,62,6,8,2,6,373,27,68,38,0,88,7,0,0,0,0,0,0,5
1963,60942.0,1,1,34,2,2,1,3,69,4,21,0,1,27,6,0,0,0,0,0,0,5
1973,90301.2,0,0,41,1,7,6,5,726,114,925,97,18,18,5,0,0,0,0,0,0,3
1976,23746.8,1,0,31,3,2,1,3,7,8,9,28,6,28,5,1,0,0,0,0,0,2
1964,62733.6,0,1,31,6,10,5,10,958,3,71,0,0,174,8,0,0,0,0,0,0,4
1975,70192.8,0,1,63,2,6,2,6,303,10,68,4,0,19,6,0,0,0,0,0,0,3
1976,39819.6,1,0,53,2,4,0,3,12,8,39,17,15,37,7,0,0,0,0,0,0,5
1979,50383.2,0,1,22,3,3,0,4,32,8,8,8,3,12,4,0,0,0,0,0,0,5
1972,44580.0,1,0,87,8,4,3,6,172,40,64,49,34,116,7,0,0,0,0,0,0,5
1977,194876.4,1,1,38,0,0,0,1,90,4,16,2,1,2,1,0,0,0,0,0,0,4
1957,57834.0,1,1,60,6,4,2,5,111,30,68,52,7,5,6,0,0,0,0,0,0,5
1957,41929.2,1,1,33,2,3,0,3,44,5,25,4,3,24,8,0,0,0,0,0,0,3
1975,99100.8,0,0,33,1,3,4,8,1081,71,103,29,91,68,1,0,1,1,0,0,0,3
1963,60152.4,0,1,95,1,5,1,6,279,3,21,4,6,15,6,0,1,0,0,0,0,5
1979,76626.0,0,0,35,1,7,3,13,364,38,314,93,116,89,4,0,0,0,0,0,0,2
1955,75164.4,0,1,83,1,2,2,5,109,15,48,4,12,5,2,0,0,0,0,0,0,3
1979,64994.4,1,1,38,1,1,0,3,10,9,10,6,5,10,4,0,0,0,0,0,0,5
1951,20175.6,0,0,56,1,2,0,3,9,11,11,12,2,13,7,1,0,0,0,0,0,5
1964,77029.2,0,1,37,3,5,3,13,425,18,186,151,38,15,3,0,0,0,0,0,0,3
1972,86362.8,0,1,66,3,3,4,9,1005,3,76,0,0,10,8,0,1,0,0,0,0,4
1969,35024.4,1,0,50,1,1,0,3,31,3,6,0,0,2,8,0,0,0,0,0,0,4
1970,5313.599999999999,0,1,7,0,25,0,0,21,7,12,2,4,321,1,0,0,0,0,0,0,5
1992,107869.2,0,0,24,1,11,6,8,417,25,132,59,28,183,4,0,0,1,0,0,0,5
1962,98416.8,0,0,55,1,3,6,12,985,40,265,35,163,31,6,0,0,0,0,0,0,5
1954,58552.8,1,1,104,1,1,0,3,30,3,11,3,0,15,4,0,0,0,0,0,0,5
1979,93099.6,0,0,100,1,4,5,9,377,26,384,250,12,108,2,0,0,0,1,0,0,5
1967,40276.8,0,1,58,1,1,1,3,66,3,3,0,0,7,5,0,0,0,0,0,0,3
1960,45942.0,2,1,103,1,0,0,3,7,3,5,2,0,1,2,0,0,0,0,0,0,5
1965,94590.0,0,0,42,1,5,10,13,488,77,114,169,37,18,3,0,0,0,0,0,0,4
1969,43278.0,1,1,61,3,3,0,3,23,10,34,10,2,3,8,0,0,0,0,0,0,5
1993,18303.6,1,0,20,2,1,0,3,6,6,3,8,1,13,7,0,0,0,0,0,0,1
1967,68619.59999999999,1,1,58,8,9,1,7,469,8,64,7,0,70,8,0,0,0,0,0,0,3
1993,58546.8,0,0,101,1,6,4,7,356,19,156,7,5,145,6,0,0,0,0,0,0,5
1978,45328.8,2,0,35,4,7,2,3,178,11,107,7,2,176,9,1,0,0,0,0,1,5
1971,97446.0,0,0,50,1,5,6,7,729,77,929,97,55,130,2,1,0,1,0,1,0,5
1959,97584.0,0,0,68,1,4,3,10,188,36,493,59,103,57,2,0,0,0,0,0,0,5
1974,94681.2,0,1,106,3,9,3,5,326,14,309,33,26,34,4,0,0,0,0,0,0,5
1952,113570.4,0,0,42,0,5,7,9,884,146,797,106,143,143,1,0,0,1,1,0,0,5
1976,63136.8,0,1,70,2,2,4,8,794,3,142,12,9,38,8,0,0,0,0,0,0,4
1978,27241.2,1,0,9,1,1,0,3,7,7,9,0,4,5,5,0,0,0,0,0,0,3
1984,34112.4,1,0,74,2,2,0,3,23,6,19,3,3,6,8,0,0,0,0,0,0,5
1967,39934.8,0,0,36,1,0,0,3,15,6,3,0,0,0,3,0,0,0,0,0,0,5
1979,69440.4,1,0,55,7,7,2,9,349,38,178,15,23,17,6,0,0,0,0,0,0,5
1951,58520.4,1,2,86,3,2,1,3,33,4,21,3,0,10,5,0,0,0,0,0,0,4
1956,50122.8,0,1,38,6,8,1,7,307,32,131,32,0,27,8,0,0,0,0,0,0,2
1976,20403.6,1,0,44,3,2,0,4,7,8,12,4,8,7,5,0,0,0,0,0,0,2
1965,78631.2,0,1,29,1,4,4,8,402,22,69,12,0,9,2,0,0,0,0,0,0,4
1969,35451.6,2,0,54,2,3,1,2,22,6,18,3,4,18,7,0,0,0,0,0,0,3
1952,81216.0,0,1,15,1,7,3,8,551,3,48,0,6,6,5,0,0,0,0,0,0,4
1971,66338.4,1,0,16,1,3,1,6,130,9,73,8,4,19,4,0,0,0,0,0,0,3
1974,42383.27763891246,1,0,32,3,3,0,3,30,6,43,17,4,17,8,0,0,0,0,0,0,2
1987,10728.0,1,0,32,3,3,1,3,6,48,3,4,6,42,8,0,0,0,0,0,0,1
1975,78422.4,0,1,50,2,4,2,8,289,6,84,4,7,23,4,0,0,0,0,0,0,4
1966,68683.2,1,1,29,3,2,1,4,110,3,9,2,1,4,3,0,0,0,0,0,0,4
1976,62337.6,0,1,58,2,5,2,4,87,36,54,71,30,41,5,0,0,0,0,0,0,5
1980,73006.8,1,1,79,13,2,2,12,605,24,128,223,150,128,8,0,0,0,0,0,0,2
1976,104203.2,0,0,14,1,6,10,6,184,24,273,0,21,63,5,1,0,1,1,0,0,4
1976,48279.6,0,1,91,5,2,1,5,85,7,46,0,17,2,6,0,0,0,0,0,0,4
1974,27218.4,1,0,58,3,2,1,4,15,17,29,4,2,36,4,0,0,0,0,0,0,5
1984,34112.4,1,0,74,2,2,0,3,23,6,19,3,3,6,8,0,0,0,0,0,0,5
1950,65509.2,0,1,70,3,6,2,8,381,7,94,12,9,24,5,0,0,0,0,0,0,5
1971,24704.4,1,0,46,1,1,1,2,7,6,6,4,1,9,7,0,0,0,0,0,0,5
1983,54243.6,2,0,11,1,3,1,3,40,6,67,10,8,24,6,0,0,0,0,0,0,5
1976,57218.4,0,1,87,4,4,3,8,167,64,83,97,57,61,5,0,0,0,0,0,0,2
1961,111067.2,0,0,39,0,3,5,13,498,186,352,184,23,28,0,0,0,0,0,0,0,2
1957,76731.59999999999,0,1,57,1,6,4,6,428,187,368,13,97,21,5,0,0,0,0,0,0,5
1985,22668.0,0,0,12,1,0,1,2,11,7,1,7,2,15,6,1,0,0,0,0,0,3
1966,97261.2,0,0,50,1,5,5,12,1147,32,249,38,29,14,2,0,1,1,0,0,0,4
1957,56397.6,0,1,62,5,5,3,5,177,44,86,45,6,27,7,1,0,0,0,0,0,5
1983,86223.59999999999,0,0,36,1,2,8,6,363,111,413,141,97,32,1,0,0,0,0,0,0,5
1983,46215.6,1,0,27,5,6,1,5,177,6,115,16,0,18,8,0,0,0,0,0,0,4
1950,59894.4,0,1,12,4,10,5,7,525,11,223,32,49,42,8,1,0,0,0,0,0,3
1960,53893.2,0,1,18,3,4,1,4,164,3,22,2,1,31,7,0,0,0,0,0,0,5
1994,86824.8,0,0,74,1,2,10,6,320,29,473,220,12,182,1,0,0,0,0,0,0,5
1963,67417.2,0,1,13,1,4,2,7,126,106,69,8,44,48,4,0,0,0,0,0,0,5
1955,78388.8,0,1,7,3,6,2,9,389,3,102,21,32,5,4,0,0,0,0,0,0,4
1970,30351.6,1,0,58,1,1,1,2,20,3,11,0,2,9,8,0,0,0,0,0,0,5
1990,90519.6,1,0,35,2,2,5,10,805,3,297,0,34,57,6,0,1,0,1,0,0,5
1950,57084.0,1,1,10,3,2,2,2,72,4,20,0,2,31,7,0,0,0,0,0,0,3
1971,82900.8,1,0,50,2,7,3,13,1186,110,199,39,30,30,8,0,0,0,0,0,0,4
1985,47620.8,1,0,48,2,2,1,2,24,3,35,6,4,17,7,0,0,0,0,0,1,4
1955,104061.6,0,0,27,1,5,6,5,349,192,482,50,33,172,2,0,0,0,0,0,0,5
1977,95626.8,0,0,72,1,4,9,13,316,29,640,180,37,121,2,0,0,0,0,0,0,2
1965,76920.0,0,1,100,1,8,3,6,514,3,27,0,0,10,7,0,1,0,0,0,0,3
1977,64869.6,0,1,63,2,4,6,8,203,21,252,32,108,54,3,0,0,0,0,0,0,5
1969,67144.8,0,1,70,3,8,2,6,452,3,28,0,0,43,7,0,0,0,0,0,0,4
1948,81740.4,0,1,87,2,11,8,4,623,47,215,0,17,36,6,1,0,0,0,0,0,4
1974,72518.4,0,1,68,5,7,2,5,370,6,15,4,3,11,6,0,0,0,0,0,0,3
1941,61369.2,0,0,103,1,3,1,4,149,3,7,0,0,6,5,0,0,0,0,0,0,4
1985,27873.6,1,0,98,4,3,0,4,58,6,49,7,4,5,8,0,0,0,0,0,0,5
1959,44800.8,1,1,51,4,3,0,4,31,4,16,2,2,15,4,0,0,0,0,0,0,4
1962,76010.4,0,1,55,3,8,3,5,923,24,118,13,10,21,6,0,1,0,0,0,0,4
1986,66428.4,2,0,73,3,6,2,11,379,67,116,84,25,64,5,0,0,0,0,0,0,5
1977,38230.8,1,0,84,1,1,0,2,8,4,3,8,0,5,7,0,0,0,0,0,0,5
1983,86223.59999999999,0,0,36,1,2,8,6,363,111,413,141,97,32,1,0,0,0,0,0,0,5
1963,102835.2,0,0,95,1,4,6,9,719,79,395,116,0,12,1,0,0,0,0,0,0,4
1961,98211.6,0,0,20,1,5,9,12,784,89,537,34,69,138,3,0,0,0,0,0,0,3
1983,44448.0,0,0,48,1,4,2,5,91,5,73,69,38,48,8,0,0,0,0,0,0,5
1981,18086.4,2,0,103,4,3,1,3,13,5,15,0,10,18,5,0,0,0,0,0,0,5
1986,23983.2,1,0,81,1,0,0,3,8,9,5,0,2,6,7,0,0,0,0,0,0,5
1974,69487.2,0,1,36,3,4,2,8,248,14,119,10,3,15,4,0,0,0,0,0,0,4
1981,98089.2,0,0,82,0,6,6,7,254,156,940,58,134,38,2,0,0,0,0,0,0,5
1964,46344.0,0,0,63,1,2,5,3,117,20,44,34,22,89,3,0,0,0,0,0,0,3
1954,113260.8,0,0,69,0,5,8,5,1116,27,790,160,45,172,2,0,1,1,1,0,0,5
1972,36645.6,1,0,34,4,9,0,4,289,3,52,8,3,20,10,0,0,0,0,0,0,3
1957,65340.0,1,1,7,12,9,2,8,459,3,171,8,19,32,8,0,0,0,0,0,0,5
1954,83120.4,0,0,38,2,3,4,5,783,47,499,95,73,146,7,0,0,0,0,0,0,5
1960,42841.2,0,0,43,1,1,0,3,26,4,9,7,3,5,6,0,0,0,0,0,0,5
1961,16406.399999999998,1,1,93,2,1,0,3,11,5,9,2,1,5,8,0,0,0,0,0,0,5
1977,102727.2,0,1,96,2,6,7,9,722,45,864,219,30,84,3,0,0,0,1,0,0,5
1980,84404.4,0,0,82,1,2,2,12,192,84,149,25,43,91,1,0,0,0,0,0,0,5
1960,46594.8,0,1,93,1,3,2,2,81,3,7,0,0,16,5,0,0,0,0,0,0,4
1953,52154.4,1,1,57,6,4,1,5,95,20,97,15,6,15,8,0,0,0,0,0,0,5
1969,73576.8,0,1,8,2,5,5,12,383,3,189,97,172,172,3,0,0,0,0,0,0,5
1980,72568.8,0,1,32,7,10,2,12,270,202,303,234,9,170,7,0,0,0,0,0,0,5
1973,75252.0,0,1,60,4,4,2,12,446,38,83,7,29,11,4,0,0,0,0,0,0,5
1953,60360.0,0,1,59,2,2,1,8,148,18,60,24,23,5,2,0,0,0,0,0,0,5
1977,31591.2,0,0,19,1,0,0,3,6,3,5,0,3,9,3,0,0,0,0,0,1,2
1971,48657.6,0,1,38,2,2,1,4,115,3,5,2,0,3,5,0,1,0,0,0,0,5
1954,45259.2,0,1,11,2,4,1,3,102,4,41,6,2,41,7,0,0,0,0,0,0,5
1964,56108.4,0,1,78,6,4,4,7,782,33,163,0,51,122,9,0,0,0,0,0,0,4
1985,29484.0,1,0,104,3,4,0,4,33,37,62,11,14,44,9,0,0,0,0,0,0,5
1974,63414.0,1,0,14,3,8,8,6,389,28,292,130,41,64,6,1,0,0,0,0,0,5
1973,55707.6,1,1,13,3,2,0,4,73,3,16,0,0,8,7,0,0,0,0,0,0,3
1961,81259.2,0,1,15,4,7,4,13,535,145,217,62,9,56,5,0,1,0,0,0,0,5
1981,115856.4,0,0,11,0,7,6,8,453,24,125,52,101,62,2,1,0,1,1,0,0,2
1962,97140.0,0,0,51,1,6,7,9,530,150,112,219,147,63,2,0,0,0,1,0,0,3
1955,77396.4,0,1,24,5,11,4,9,1175,51,320,42,32,192,8,1,0,0,0,0,0,5
1976,55317.6,1,1,93,4,3,2,2,62,3,27,0,0,36,8,0,0,0,0,0,0,3
1963,32685.6,1,1,46,3,3,0,3,42,3,17,0,0,3,9,0,0,0,0,0,0,4
1980,69630.0,0,1,88,3,3,2,10,275,34,88,11,48,22,4,0,0,0,0,0,0,5
1979,81710.4,0,0,14,2,2,6,10,857,63,207,78,36,48,5,0,0,0,0,0,0,3
1975,85759.2,0,0,93,1,4,4,10,417,15,546,78,182,0,1,0,0,0,0,0,0,4
1983,52578.0,1,0,60,1,2,0,3,19,13,29,4,7,15,6,0,0,0,0,0,0,3
1979,84528.0,0,0,56,1,5,10,7,695,120,499,76,102,88,3,0,0,0,1,0,0,5
1979,34304.4,1,0,49,3,2,0,4,27,7,17,12,10,13,6,0,0,0,0,0,0,5
1979,88568.4,0,1,95,2,5,5,11,371,127,156,71,78,54,2,0,0,0,0,0,0,5
1976,51668.4,0,1,37,4,4,2,5,218,5,44,0,2,5,5,0,0,0,0,0,0,5
1986,9000.0,1,0,105,4,2,1,3,10,20,17,13,14,34,9,0,0,0,0,0,0,2
1987,17887.2,0,0,93,3,2,1,3,12,10,14,7,16,15,7,0,0,0,0,0,0,1
1985,44682.0,1,0,75,1,1,1,2,25,5,9,4,6,20,4,0,0,0,0,0,0,5
1970,86952.0,0,0,63,1,3,5,7,382,13,540,80,30,10,1,0,0,0,0,0,0,5
1979,52539.6,1,0,29,6,7,1,8,332,12,125,25,4,139,7,1,0,0,0,0,0,3
1969,46131.6,1,1,65,2,1,0,3,37,3,5,0,0,1,7,0,0,0,0,0,0,4
1977,64629.6,0,1,57,4,4,3,6,412,56,221,58,150,26,4,0,0,0,0,0,0,5
1955,27008.4,0,0,74,3,10,2,4,73,3,226,51,157,68,9,0,0,0,0,0,0,5
1958,52986.0,1,1,31,1,1,1,2,27,4,9,0,0,14,4,0,0,0,0,0,0,4
1978,102086.4,0,0,101,1,3,4,10,499,95,391,194,11,241,0,0,0,0,0,0,0,5
1979,98604.0,0,0,20,1,5,6,7,1028,96,651,49,55,37,2,0,0,0,0,0,0,4
1988,9000.0,0,0,101,1,0,0,3,5,5,3,4,1,5,6,0,0,0,0,0,0,5
1990,11106.0,1,0,98,1,1,1,2,14,3,7,2,0,4,8,0,0,0,0,0,0,5
1974,46291.2,0,1,9,1,1,0,3,39,3,7,0,0,0,7,0,0,0,0,0,0,3
1965,97495.2,0,0,94,1,4,5,7,403,193,537,61,156,37,1,1,0,0,1,0,0,5
1965,50055.6,1,1,64,5,3,1,4,82,11,44,10,10,25,6,0,0,0,0,0,0,2
1981,52303.2,0,1,33,3,3,0,4,104,5,11,4,0,16,8,0,0,0,0,0,0,5
1966,85586.4,0,1,64,2,8,5,13,758,46,226,69,10,204,4,0,0,0,0,0,0,4
1952,47720.4,0,0,25,2,7,1,7,118,64,204,34,26,47,8,0,0,0,0,0,0,3
1964,40274.4,1,2,40,3,2,0,4,26,15,12,0,3,3,4,0,0,0,0,0,0,3
1977,95929.2,0,0,79,1,2,4,9,128,167,266,227,30,174,1,0,0,0,0,0,0,5
1965,49965.6,0,1,75,4,5,5,3,320,3,31,4,0,91,8,1,0,0,0,0,0,5
1971,74959.2,0,1,20,5,6,3,12,134,132,259,168,121,83,4,0,0,0,0,0,0,2
1966,35606.4,1,1,13,1,0,0,3,14,4,3,0,4,8,6,0,0,0,0,0,0,5
1955,46797.6,1,1,99,3,2,0,3,39,4,14,0,0,5,8,0,0,0,0,0,1,5
1956,64635.6,0,1,11,3,7,1,7,404,7,30,6,4,30,7,0,1,0,0,0,0,5
1960,65980.8,0,1,58,4,6,1,6,178,16,131,32,3,6,7,0,0,0,1,0,0,5
1970,32252.4,0,0,81,2,3,1,6,106,16,76,20,18,40,6,0,0,0,0,0,0,3
1990,77338.8,1,0,77,4,5,3,12,223,66,282,137,35,70,4,0,0,0,0,0,0,5
1965,75486.0,0,1,75,3,7,2,8,171,78,96,119,107,59,4,0,0,0,0,0,0,2
1967,80726.4,0,1,19,3,6,2,12,362,38,271,28,28,14,5,0,0,0,0,0,0,5
1955,44316.0,0,1,57,5,5,2,4,228,5,31,0,2,39,8,0,0,0,0,0,0,4
1947,61214.4,0,0,93,1,4,1,4,107,12,63,2,9,24,6,0,0,0,0,0,0,4
1976,69996.0,0,1,94,1,6,4,13,450,56,213,104,98,151,4,0,0,0,0,0,0,5
1983,34280.4,1,0,64,2,2,0,3,16,6,22,2,2,6,6,0,0,0,0,0,0,5
1990,13174.8,0,0,41,2,3,0,3,13,7,10,2,2,4,5,0,0,0,0,0,0,3
1968,27088.8,2,1,35,2,2,0,3,30,3,8,2,0,2,7,0,0,0,0,0,0,5
1965,39227.70496871973,1,1,56,1,1,0,2,10,4,9,2,0,4,7,0,0,0,0,0,0,2
1968,67584.0,0,1,18,3,5,4,9,206,56,172,116,77,83,4,0,0,0,0,0,0,4
1958,51768.0,0,1,75,1,4,1,5,139,11,76,6,0,11,6,0,0,0,0,0,0,5
1960,97178.4,1,1,55,3,11,5,11,510,140,401,104,22,22,5,0,0,0,0,0,1,5
1973,85118.4,0,1,64,2,6,2,12,205,196,100,46,185,185,3,0,0,0,0,0,0,2
1960,90038.4,0,1,81,2,5,4,9,957,15,180,47,12,12,3,0,0,0,0,0,0,4
1974,32628.0,1,0,20,1,1,0,2,6,9,7,0,1,3,8,1,0,0,0,0,0,1
1979,65856.0,1,0,64,2,6,2,11,313,88,137,102,45,118,5,0,0,0,0,0,0,4
1968,94975.2,1,1,40,2,8,1,8,250,19,223,21,43,16,6,0,0,0,0,0,0,5
1972,40930.8,0,1,46,1,0,0,3,14,4,5,2,1,4,4,0,0,0,0,0,0,3
1962,74307.59999999999,0,2,101,1,2,1,4,97,7,18,3,3,6,3,0,0,0,0,0,0,3
1967,83710.8,0,0,45,3,4,6,5,457,23,514,13,30,0,3,0,0,0,0,0,0,4
1958,39237.22341018573,1,1,52,1,1,0,2,12,3,8,2,0,1,7,0,0,0,0,0,0,5
1958,48541.2,0,2,61,1,1,1,2,40,3,4,0,0,10,5,1,0,0,0,0,0,4
1972,50883.6,1,0,25,1,1,0,3,27,4,11,0,5,3,8,0,0,0,0,0,0,4
1957,93633.6,0,1,45,1,6,4,9,163,22,288,25,0,38,7,0,1,1,0,0,0,4
1965,71164.8,0,1,88,3,7,8,10,423,64,428,80,51,10,5,0,0,0,0,0,0,4
1969,83608.8,0,2,53,3,10,2,10,559,44,215,11,0,24,5,0,0,0,0,0,0,4
1987,23382.0,2,0,87,1,1,0,2,11,3,4,0,0,0,7,0,0,0,0,0,0,3
1990,13174.8,0,0,41,2,3,0,3,13,7,10,2,2,4,5,0,0,0,0,0,0,3
1952,97046.4,0,0,67,1,4,4,10,488,75,567,94,12,108,1,0,0,0,0,0,0,5
1952,35157.6,1,1,67,1,1,0,2,11,3,2,2,0,1,5,0,0,0,0,0,0,3
1953,15700.8,0,0,36,1,1,0,3,7,3,7,3,7,10,6,0,0,0,0,0,0,1
1949,98438.4,0,0,61,0,4,6,7,337,197,377,149,125,57,1,0,0,0,0,0,0,4
1973,77368.8,0,1,66,2,8,2,10,386,38,172,56,86,93,5,0,0,0,0,0,0,5
1973,31548.0,1,1,56,4,2,0,4,20,11,16,11,5,22,6,0,0,0,0,0,0,5
1951,49374.0,1,1,27,1,0,0,3,14,3,3,0,0,1,3,0,0,0,0,0,0,4
1959,42295.2,1,1,60,4,3,1,3,41,3,12,2,2,10,5,0,0,0,0,0,0,5
1961,118532.4,0,0,30,0,4,6,9,1005,22,711,125,115,38,1,0,1,0,0,0,0,3
1963,91297.2,0,0,92,1,4,5,4,297,33,415,63,33,200,2,0,0,0,1,0,0,5
1981,60219.6,1,1,54,7,3,1,6,102,15,84,13,10,15,5,0,0,0,0,0,0,5
1957,34606.8,1,1,93,2,2,0,3,29,3,7,0,0,1,5,0,0,0,0,0,0,3
1952,103932.0,0,0,73,1,5,6,6,451,110,768,33,196,53,2,0,0,0,0,0,0,5
1981,84994.8,1,1,94,2,4,2,8,146,73,106,72,19,23,3,0,0,0,0,0,0,2
1961,75368.4,0,1,90,3,5,3,12,531,31,135,10,21,99,5,0,0,0,0,0,0,5
1976,96512.4,0,1,63,1,11,8,8,1154,74,449,69,71,26,5,0,0,0,0,0,0,4
1965,98668.8,0,0,90,1,6,9,5,312,29,360,138,31,40,3,0,0,0,1,0,0,5
1988,21872.4,1,0,28,1,0,1,2,6,5,7,4,3,11,8,0,0,0,0,0,0,5
1972,41520.0,1,1,15,5,5,2,5,204,36,60,8,3,15,8,0,0,0,0,0,0,5
1977,37190.4,1,0,90,1,1,0,3,22,3,14,7,3,2,7,0,0,0,0,0,0,5
1981,37842.0,1,0,102,1,1,1,2,20,7,13,0,0,19,7,1,0,0,0,0,0,3
1969,84932.4,0,1,87,3,5,3,12,559,38,113,0,7,78,3,0,0,0,0,0,0,3
1955,63723.6,0,1,77,5,10,6,7,734,20,133,11,0,195,7,1,0,0,0,0,0,5
1979,20540.4,1,0,103,4,3,1,3,17,26,38,30,18,7,9,0,0,0,0,0,0,2
1944,58737.6,0,0,60,2,7,10,5,442,11,206,160,49,42,6,1,0,0,0,0,0,4
1959,60624.0,0,1,32,2,3,1,3,117,3,6,2,1,14,6,0,0,0,0,0,0,4
1986,43374.0,1,0,20,4,4,1,3,61,7,76,17,1,18,9,1,0,0,0,0,0,2
1957,41559.6,2,1,38,1,1,0,2,13,4,5,0,0,1,6,0,0,0,0,0,0,5
1990,40795.2,0,0,53,1,1,1,3,45,5,15,8,0,6,4,0,0,0,0,0,0,4
1974,61377.6,1,1,45,4,5,1,6,240,9,45,8,9,12,6,0,0,0,0,0,0,5
1963,70375.2,0,1,10,1,2,1,4,67,4,44,6,5,22,4,0,0,0,0,0,0,3
1977,86770.8,0,0,71,1,5,6,8,965,3,883,50,38,0,3,0,0,0,1,0,0,3
1974,100700.4,0,0,19,1,6,7,7,519,25,732,42,198,79,3,0,0,0,0,0,0,5
1966,56430.0,1,1,13,1,1,0,2,21,3,3,0,0,1,7,0,0,0,0,0,0,4
1965,56292.0,1,1,43,2,2,0,3,53,3,14,0,0,6,6,0,0,0,0,0,0,4
1964,96148.8,0,0,54,1,3,7,8,488,87,398,205,84,241,1,1,0,0,0,0,0,5
1957,65997.59999999999,0,1,10,5,4,2,9,159,25,202,39,30,8,4,0,0,0,0,0,0,4
1969,49344.0,1,1,87,3,2,1,3,29,5,23,0,8,24,6,0,0,0,0,0,0,5
1957,65523.6,1,1,92,6,4,2,4,150,16,46,17,2,4,7,0,0,0,0,0,0,3
1956,78897.59999999999,0,1,65,2,2,4,10,177,76,93,95,78,34,1,0,0,0,0,0,1,5
1960,60796.8,1,1,71,9,8,1,6,318,11,104,6,4,126,9,0,0,0,0,0,0,5
1975,80934.0,0,1,70,5,9,6,12,762,83,217,29,80,11,6,0,0,0,0,0,0,5
1955,84052.8,0,1,53,4,7,10,5,1078,3,250,153,14,14,5,0,0,0,0,0,0,5
1952,63974.4,0,0,39,1,5,1,5,246,3,12,0,0,25,7,0,0,0,0,0,0,4
1960,69548.4,0,1,31,7,4,6,8,295,62,177,77,5,29,3,0,0,0,0,0,1,5
1961,56823.6,0,1,100,3,2,2,6,189,5,19,8,8,4,5,0,0,0,0,0,0,3
